<?xml version="1.0" encoding="UTF-8"?>
<pr:producers xmlns:pr="http://www.wine.org/wine-producers">
  <pr:producer>
    <pr:sourceid>0009</pr:sourceid>
    <pr:name>Château Bourgneuf</pr:name>
    <pr:description>Showing attractive red and dark fruits, cherry and plum, it is rich and even slightly racy, before concluding with classic Pomerol concentration and focus.</pr:description>
    <pr:authorid>3</pr:authorid>
    <pr:region>Pomerol</pr:region>
  </pr:producer>
  <pr:producer>
    <pr:sourceid>0010</pr:sourceid>
    <pr:name>Château Doisy-Daëne</pr:name>
    <pr:description>Medium bodied, with elegance rather than density there is a wide spectrum of flavours; apples, peaches, lemongrass and a touch of white spice. Delicious now.</pr:description>
    <pr:authorid>9</pr:authorid>
    <pr:region>Barsac</pr:region>
  </pr:producer>
</pr:producers>
